"match_type","mismatch_columns","cust_id","acct_no","bp_d__s2","bp_d__s3","open_date__s2","open_date__s3","close_date__s2","close_date__s3","balance__s2","balance__s3","active_flag__s2","active_flag__s3","remarks__s2","remarks__s3"
"mismatch","balance","C001","000123456","BP10","BP10","2024-01-15","2024-01-15","","","1,234.50","1234.5","Y","Y","opened at branch 12","opened at branch 12"
"mismatch","balance","C002","000123457","BP10","BP10","2024-01-16","2024-01-16","","","2,000.00","2000.0","Y","Y","opened at branch 12","opened at branch 12"
"mismatch","open_date","C003","000123458","BP11","BP11","2024-02-10","20240210","","","500.00","500.00","Y","Y","",""
"mismatch","open_date","C004","000123459","BP11","BP11","2024-02-11","20240211","","","750.00","750.00","Y","Y","",""
"mismatch","balance,open_date","C005","000123460","BP12","BP12","2024-04-01","20240401","","","99.456789","99.46","Y","Y","",""
"mismatch","balance,open_date","C006","000123461","BP12","BP12","2024-04-02","20240402","","","55.250000","55.25","Y","Y","",""
"mismatch","close_date,active_flag","C007","000123462","BP12","BP12","2023-06-01","2023-06-01","2024-03-31","","0.00","0.00","N","false","closed on request","closed on request"
"mismatch","open_date,close_date,active_flag","C008","000123463","BP13","BP13","2023-07-01","20230701","2024-05-31","","0.00","0.00","N","false","",""
"mismatch","bp_d,open_date,balance,active_flag","C009","000123464","BP14 ","BP14","2024-05-21","20240521","","","25.00","25.0","Y","true","",""
"mismatch","remarks","C010","000123465","BP15","BP15","2024-05-20","2024-05-20","","","10.00","10.00","Y","Y","customer requested statement by post to registered address","customer requested statement by post"
"mismatch","bp_d","C011","000123466","BP16 ","BP16","2024-05-22","2024-05-22","","","25.00","25.00","Y","Y","",""
